alice,manager,7fe1736cef9ac00f20079a76b75c399d879e1025c663559dba37b907edd9a0cd11e97f67aa7528297cd6bce5677c47a225ee12613d4bf6703405ecf4a845ce54
cecilia,poweruser,ae2125690a3f95a5decb4db7ce688a8fb75e04e766f90a7f5d030a3e9dfbdcf50b84abf8684d714496f4505679ed37d75ab644c13216e8e36585a7b6678b99b5
david,user,50bbd8911ed19c8b57c9b59b93b14e8699a7e6c9d9a431b441c065ef17f49a05a2d9305afa331f2996bed0959cd6833aa1ea3ff83c78d32d3eb1c5e1c0a3d468
erica,user,d96821b496030d88da7889073234e3e8e95beb0cc530af71b7a90200ad44cc5664177e30d1a7b255eb8da97ec9cc86a2cb15c36d5a7ea4779afb8ac5b850b12a
fred,user,d672e08e6454b7cbd578af9caeb14eae5a4d9f114401d0200559f11b3c003f844355e5533f64cd8e9b33a3d1b8d2a7605cba331f25c9dfc588e9998a69f1bb55
george,user;technician,cbf0ac46a5ab1b6d51bfa4ea8f9f6efe971d5cbe3e833abffbf083f6bf3ab09923022a78299df89641399885e39d4f62e2780e7df49a964bb2ef2919f5f4e66f
henry,user,d22af198f52499dd637922212c074f3c3e68f207c6c232dc8d85660aa48fa1b008fb48e8063f68a640d69daaa048e59de33014077459f910fc1c336f7f772846
ida,poweruser,6535a4be363cae774ef6cdd207f8f02f94de74d2af78458e1759d80187fe9b8c55957c5468b6372726fa8f870944d2c95c3516f46fa887c989a92f129964aa8f
alice,manager,7fe1736cef9ac00f20079a76b75c399d879e1025c663559dba37b907edd9a0cd11e97f67aa7528297cd6bce5677c47a225ee12613d4bf6703405ecf4a845ce54
bob,technician,4c3b39c97ca7b769be7d2846ac49048e65ea6fb6e69eb7850ebf2ba3e305f01a7075bebd291b16b2e2e82c73800255a7f2e8a809bc62147b24055929730a1f81
cecilia,poweruser,ae2125690a3f95a5decb4db7ce688a8fb75e04e766f90a7f5d030a3e9dfbdcf50b84abf8684d714496f4505679ed37d75ab644c13216e8e36585a7b6678b99b5
david,user,50bbd8911ed19c8b57c9b59b93b14e8699a7e6c9d9a431b441c065ef17f49a05a2d9305afa331f2996bed0959cd6833aa1ea3ff83c78d32d3eb1c5e1c0a3d468
erica,user,d96821b496030d88da7889073234e3e8e95beb0cc530af71b7a90200ad44cc5664177e30d1a7b255eb8da97ec9cc86a2cb15c36d5a7ea4779afb8ac5b850b12a
fred,user,d672e08e6454b7cbd578af9caeb14eae5a4d9f114401d0200559f11b3c003f844355e5533f64cd8e9b33a3d1b8d2a7605cba331f25c9dfc588e9998a69f1bb55
george,user,cbf0ac46a5ab1b6d51bfa4ea8f9f6efe971d5cbe3e833abffbf083f6bf3ab09923022a78299df89641399885e39d4f62e2780e7df49a964bb2ef2919f5f4e66f
